step,price,volume
0,0.9950124792,6
1,1,4
2,1,4
3,1.005012521,6
4,1,4
5,1,4
6,1,4
7,1.010050167,4
8,1.010050167,4
9,1.010050167,8
10,1.015113065,4
11,1.027881615,7
12,1.025315121,5
13,1.02020134,4
14,1.025315121,4
15,1.02020134,4
16,1.017654022,5
17,1.027881615,22
18,1.022755034,28
19,1.030454534,23
20,1.04602786,24
21,1.030454534,16
22,1.033033893,19
23,1.043416056,18
24,1.04602786,37
25,1.053902562,23
26,1.064494459,30
27,1.038211997,24
28,1.033033893,24
29,1.030454534,25
30,1.048646201,19
31,1.040810774,21
32,1.056540615,24
33,1.056540615,24
34,1.04602786,18
35,1.043416056,21
36,1.017654022,28
37,1.022755034,14
38,1.005012521,21
39,1.007528195,19
40,0.9975031224,20
41,0.9950124792,21
42,0.9925280548,11
43,1.007528195,30
44,1.012578452,22
45,0.9950124792,21
46,1,20
47,0.9900498337,18
48,0.9900498337,24
49,0.9925280548,21
50,0.9925280548,4
51,0.9925280548,4
52,0.9975031224,4
53,1,7
54,0.9975031224,5
55,1.002503128,4
56,1.002503128,4
57,0.9975031224,4
58,1.007528195,4
59,1.007528195,4
60,1.002503128,4
61,1.002503128,4
62,1.007528195,4
63,1.005012521,5
64,1.010050167,6
65,1.010050167,4
66,1.010050167,4
67,1.010050167,4
68,1.010050167,4
69,1.010050167,4
70,1.005012521,4
71,0.9975031224,5
72,0.9975031224,4
73,0.9975031224,6
74,0.9975031224,4
75,0.9950124792,5
76,0.9875778005,7
77,0.9925280548,4
78,0.9900498337,7
79,0.9900498337,4
80,0.9900498337,4
81,0.9950124792,8
82,1,4
83,1,4
84,1.005012521,4
85,0.9975031224,5
86,1,5
87,1.005012521,4
88,1.007528195,5
89,1.002503128,4
90,1.002503128,6
91,1.007528195,4
92,1,5
93,1,4
94,0.9975031224,5
95,1.007528195,4
96,1.002503128,4
97,1.010050167,5
98,1.015113065,4
99,1.010050167,4
100,1.005012521,4
101,1.015113065,4
102,1.022755034,7
103,1.015113065,5
104,1.015113065,4
105,1.010050167,4
106,1.02020134,6
107,1.015113065,4
108,1.027881615,17
109,1.010050167,21
110,0.9925280548,23
111,1.012578452,22
112,1.030454534,29
113,1.017654022,27
114,1.010050167,25
115,1.002503128,17
116,1,17
117,1.005012521,16
118,0.9975031224,23
119,1,25
120,0.9950124792,20
121,0.9875778005,17
122,1.012578452,14
123,1.010050167,25
124,1.012578452,27
125,1.005012521,29
126,1,24
127,1.007528195,23
128,1.015113065,21
129,1,22
130,0.9826522357,15
131,0.9826522357,26
132,0.9975031224,28
133,1.012578452,26
134,1.027881615,26
135,1.043416056,28
136,1.035619709,21
137,1.033033893,27
138,1.051271096,23
139,1.048646201,33
140,1.06983026,28
141,1.04602786,23
142,1.059185271,25
143,1.048646201,22
144,1.048646201,16
145,1.059185271,20
146,1.048646201,26
147,1.040810774,21
148,1.025315121,24
149,1.022755034,17
150,1.035619709,23
151,1.061836547,24
152,1.030454534,26
153,1.022755034,25
154,1.04602786,31
155,1.061836547,22
156,1.051271096,4
157,1.04602786,8
158,1.051271096,6
159,1.056540615,18
160,1.059185271,17
161,1.043416056,10
162,1.056540615,17
163,1.059185271,21
164,1.033033893,24
165,1.035619709,23
166,1.025315121,18
167,1.051271096,34
168,1.040810774,22
169,1.030454534,18
170,1.038211997,15
171,1.056540615,27
172,1.056540615,28
173,1.048646201,15
174,1.061836547,21
175,1.035619709,20
176,1.015113065,30
177,1.007528195,31
178,1.022755034,14
179,1.025315121,23
180,1.005012521,24
181,1.005012521,4
182,1,4
183,0.9975031224,7
184,0.9925280548,4
185,0.9900498337,5
186,0.9801986733,4
187,0.9801986733,4
188,0.9704455335,4
189,0.9631944177,5
190,0.9631944177,4
191,0.9536104731,4
192,0.9441218904,4
193,0.9488543211,4
194,0.9417645336,5
195,0.9417645336,4
196,0.946485148,6
197,0.9417645336,4
198,0.9370674634,4
199,0.9417645336,4
200,0.946485148,4
201,0.9417645336,6
202,0.946485148,4
203,0.9512294245,4
204,0.946485148,4
205,0.9441218904,7
206,0.9512294245,5
207,0.9512294245,4
208,0.9512294245,6
209,0.9512294245,4
210,0.946485148,4
211,0.9488543211,5
212,0.9488543211,4
213,0.9417645336,5
214,0.9417645336,4
215,0.946485148,4
216,0.9441218904,7
217,0.9394130628,4
218,0.9417645336,25
219,0.9347277206,19
220,0.9231163464,29
221,0.9277434863,18
222,0.8958341353,26
223,0.8913661439,26
224,0.8891405117,29
225,0.9071023416,16
226,0.8891405117,32
227,0.9003245226,27
228,0.9231163464,36
229,0.9208114379,17
230,0.911649211,26
231,0.9536104731,32
232,0.9488543211,26
233,0.9441218904,20
234,0.9441218904,22
235,0.9536104731,18
236,0.9441218904,28
237,0.9536104731,22
238,0.9512294245,27
239,0.9347277206,23
240,0.9254270244,16
241,0.9417645336,23
242,0.9536104731,23
243,0.9607894392,25
244,0.9656054163,20
245,0.9680224498,23
246,0.975309912,31
247,0.9851119396,22
248,0.9925280548,17
249,0.9950124792,19
250,0.9925280548,23
251,1.010050167,23
252,1.007528195,25
253,1.010050167,21
254,1.015113065,18
255,1,22
256,0.9900498337,22
257,1.027881615,23
258,1.027881615,16
259,1.035619709,31
260,1.010050167,26
261,1,24
262,0.9925280548,31
263,0.9875778005,22
264,0.975309912,25
265,0.9801986733,18
266,0.9900498337,32
267,0.9656054163,26
268,0.9851119396,22
269,0.9900498337,20
270,0.9851119396,20
271,0.9925280548,27
272,0.9801986733,25
273,0.9680224498,29
274,0.9583904655,28
275,0.9826522357,20
276,0.9826522357,20
277,0.9704455335,27
278,0.975309912,26
279,1.002503128,23
280,1.005012521,23
281,0.9875778005,23
282,0.9875778005,26
283,0.9826522357,24
284,0.9900498337,27
285,1.002503128,21
286,1.025315121,31
287,1.027881615,21
288,1.043416056,24
289,1.033033893,26
290,1.048646201,24
291,1.025315121,21
292,1.027881615,23
293,1.02020134,19
294,1.015113065,18
295,1.025315121,22
296,1.02020134,20
297,1.033033893,19
298,1.030454534,21
299,1.040810774,24
300,1.051271096,24
301,1.064494459,23
302,1.061836547,23
303,1.064494459,23
304,1.059185271,26
305,1.06983026,20
306,1.056540615,21
307,1.077884151,24
308,1.080582232,25
309,1.059185271,28
310,1.067159024,17
311,1.072508181,24
312,1.080582232,27
313,1.072508181,19
314,1.077884151,16
315,1.088717067,18
316,1.096913142,29
317,1.091442264,28
318,1.099658855,25
319,1.096913142,27
320,1.085998673,34
321,1.113490861,30
322,1.121873438,5
323,1.119072257,5
324,1.12468163,4
325,1.13031912,4
326,1.12468163,4
327,1.13031912,4
328,1.138828383,5
329,1.133148453,4
330,1.147401706,7
331,1.138828383,5
332,1.133148453,4
333,1.133148453,4
334,1.127496852,4
335,1.107937302,23
336,1.127496852,29
337,1.161834243,32
338,1.173510871,18
339,1.161834243,22
340,1.173510871,22
341,1.173510871,26
342,1.15603957,24
343,1.147401706,27
344,1.176448318,22
345,1.167657961,15
346,1.164742462,27
347,1.164742462,30
348,1.161834243,35
349,1.167657961,28
350,1.158933285,31
351,1.158933285,24
352,1.170580758,26
353,1.167657961,25
354,1.167657961,24
355,1.20321844,34
356,1.191246217,28
357,1.18234529,31
358,1.191246217,21
359,1.209249598,28
360,1.227525065,16
361,1.236766114,29
362,1.274431249,28
363,1.27124915,23
364,1.277621313,18
365,1.290461621,22
366,1.309964451,18
367,1.303430976,28
368,1.30669363,23
369,1.290461621,27
370,1.277621313,30
371,1.287239496,17
372,1.277621313,25
373,1.293691811,25
374,1.30669363,4
375,1.300176468,6
376,1.300176468,4
377,1.293691811,6
378,1.293691811,4
379,1.300176468,4
380,1.296930087,7
381,1.300176468,5
382,1.30669363,4
383,1.296930087,5
384,1.300176468,7
385,1.300176468,4
386,1.300176468,4
387,1.313243459,4
388,1.309964451,5
389,1.309964451,4
390,1.316530675,4
391,1.316530675,6
392,1.303430976,4
393,1.303430976,4
394,1.30669363,7
395,1.300176468,4
396,1.30669363,4
397,1.30669363,4
398,1.313243459,4
399,1.319826119,4
400,1.319826119,4
401,1.329762028,7
402,1.313243459,5
403,1.313243459,4
404,1.319826119,4
405,1.326441775,6
406,1.316530675,5
407,1.309964451,6
408,1.309964451,4
409,1.323129812,4
410,1.319826119,27
411,1.343126359,31
412,1.326441775,25
413,1.309964451,23
414,1.313243459,29
415,1.313243459,20
416,1.284025417,23
417,1.290461621,18
418,1.316530675,22
419,1.333090592,29
420,1.333090592,22
421,1.339772737,34
422,1.329762028,17
423,1.329762028,20
424,1.323129812,30
425,1.316530675,16
426,1.293691811,21
427,1.274431249,28
428,1.280819362,24
429,1.261750446,28
430,1.239861897,19
431,1.24296543,23
432,1.24296543,26
433,1.261750446,22
434,1.246076731,29
435,1.25860001,20
436,1.25860001,22
437,1.277621313,26
438,1.24296543,21
439,1.236766114,20
440,1.227525065,21
441,1.227525065,24
442,1.236766114,29
443,1.23367806,23
444,1.239861897,24
445,1.252322716,30
446,1.27124915,24
447,1.284025417,28
448,1.290461621,28
449,1.290461621,30
450,1.296930087,20
451,1.316530675,26
452,1.293691811,29
453,1.316530675,25
454,1.319826119,23
455,1.313243459,24
456,1.300176468,24
457,1.293691811,24
458,1.277621313,27
459,1.274431249,23
460,1.25860001,21
461,1.246076731,30
462,1.246076731,20
463,1.246076731,22
464,1.227525065,22
465,1.212276504,35
466,1.20321844,33
467,1.212276504,21
468,1.188271821,20
469,1.191246217,23
470,1.185304851,16
471,1.179393119,24
472,1.197217363,24
473,1.209249598,24
474,1.185304851,22
475,1.200214151,19
476,1.191246217,17
477,1.170580758,21
478,1.158933285,28
479,1.15603957,23
480,1.150273799,30
481,1.153153081,25
482,1.164742462,4
483,1.164742462,4
484,1.170580758,4
485,1.170580758,4
486,1.167657961,5
487,1.161834243,4
488,1.161834243,4
489,1.161834243,4
490,1.161834243,4
491,1.153153081,5
492,1.15603957,5
493,1.153153081,5
494,1.161834243,7
495,1.161834243,4
496,1.173510871,4
497,1.18234529,5
498,1.167657961,7
499,1.161834243,4
500,1.161834243,4
501,1.150273799,8
502,1.147401706,7
503,1.141679016,4
504,1.147401706,4
505,1.158933285,8
506,1.164742462,4
507,1.15603957,5
508,1.173510871,20
509,1.185304851,30
510,1.176448318,33
511,1.176448318,32
512,1.170580758,28
513,1.164742462,26
514,1.176448318,22
515,1.173510871,19
516,1.18234529,23
517,1.185304851,17
518,1.18234529,21
519,1.173510871,17
520,1.167657961,32
521,1.141679016,17
522,1.13031912,24
523,1.141679016,22
524,1.135984868,28
525,1.138828383,31
526,1.135984868,19
527,1.133148453,25
528,1.121873438,18
529,1.121873438,22
530,1.113490861,29
531,1.121873438,29
532,1.147401706,23
533,1.173510871,19
534,1.18234529,21
535,1.179393119,21
536,1.18234529,21
537,1.188271821,16
538,1.200214151,22
539,1.20321844,17
540,1.206230249,23
541,1.23367806,19
542,1.230597717,29
543,1.23367806,23
544,1.224460085,31
545,1.227525065,19
546,1.23367806,24
547,1.215310986,20
548,1.191246217,24
549,1.173510871,16
550,1.191246217,20
551,1.20321844,24
552,1.188271821,25
553,1.200214151,26
554,1.18234529,24
555,1.20321844,27
556,1.20321844,24
557,1.20321844,32
558,1.197217363,22
559,1.197217363,6
560,1.191246217,4
561,1.197217363,4
562,1.191246217,4
563,1.191246217,4
564,1.200214151,5
565,1.200214151,4
566,1.200214151,4
567,1.20321844,5
568,1.197217363,4
569,1.20321844,6
570,1.194228058,5
571,1.185304851,5
572,1.179393119,10
573,1.179393119,4
574,1.179393119,4
575,1.179393119,6
576,1.176448318,5
577,1.170580758,4
578,1.167657961,5
579,1.170580758,5
580,1.18234529,4
581,1.188271821,6
582,1.188271821,4
583,1.188271821,6
584,1.197217363,5
585,1.20321844,4
586,1.209249598,4
587,1.218353065,7
588,1.212276504,4
589,1.212276504,4
590,1.218353065,4
591,1.218353065,6
592,1.215310986,5
593,1.221402758,4
594,1.221402758,4
595,1.227525065,4
596,1.227525065,4
597,1.23367806,4
598,1.236766114,5
599,1.221402758,7
600,1.209249598,4
601,1.209249598,6
602,1.212276504,7
603,1.212276504,4
604,1.200214151,6
605,1.206230249,4
606,1.212276504,6
607,1.200214151,4
608,1.185304851,25
609,1.167657961,24
610,1.167657961,32
611,1.135984868,23
612,1.119072257,22
613,1.127496852,23
614,1.133148453,18
615,1.138828383,22
616,1.121873438,26
617,1.11071061,26
618,1.085998673,25
619,1.094174284,23
620,1.094174284,30
621,1.085998673,23
622,1.099658855,17
623,1.11071061,24
624,1.11071061,22
625,1.099658855,26
626,1.119072257,23
627,1.11627807,23
628,1.119072257,31
629,1.091442264,30
630,1.091442264,16
631,1.064494459,32
632,1.072508181,27
633,1.085998673,31
634,1.085998673,24
635,1.077884151,25
636,1.038211997,29
637,1.012578452,30
638,1.007528195,22
639,1.002503128,24
640,1.002503128,32
641,0.9925280548,30
642,0.9728746826,30
643,0.9536104731,26
644,0.9417645336,33
645,0.9394130628,15
646,0.9394130628,24
647,0.9559974818,23
648,0.9583904655,21
649,0.9851119396,23
650,0.9728746826,29
651,0.9559974818,27
652,0.9631944177,21
653,0.9826522357,22
654,0.9728746826,22
655,0.9607894392,23
656,0.9728746826,25
657,0.9728746826,22
658,0.9656054163,21
659,0.9536104731,23
660,0.9323938199,25
661,0.9512294245,24
662,0.9488543211,25
663,0.9441218904,32
664,0.946485148,25
665,0.9704455335,28
666,0.975309912,24
667,0.9536104731,23
668,0.9536104731,20
669,0.9607894392,17
670,0.9583904655,25
671,0.9417645336,25
672,0.9488543211,19
673,0.9559974818,21
674,0.9512294245,22
675,0.9512294245,18
676,0.9417645336,26
677,0.9370674634,24
678,0.9254270244,25
679,0.9093729345,21
680,0.9093729345,24
681,0.9139311853,22
682,0.8935973471,17
683,0.8847059049,26
684,0.8891405117,30
685,0.9162188717,20
686,0.9231163464,27
687,0.9300657467,15
688,0.9536104731,26
689,0.9394130628,34
690,0.946485148,27
691,0.9559974818,22
692,0.9370674634,22
693,0.9394130628,15
694,0.9254270244,18
695,0.9277434863,23
696,0.911649211,29
697,0.904837418,19
698,0.8958341353,18
699,0.8958341353,26
700,0.8693582354,22
701,0.852143789,24
702,0.8759029341,23
703,0.8824969026,21
704,0.8869204367,20
705,0.8802934158,19
706,0.8780954309,33
707,0.8607079764,30
708,0.8478937041,26
709,0.8542768136,29
710,0.8628624383,20
711,0.8671875543,24
712,0.8693582354,29
713,0.858558894,23
714,0.8457766173,22
715,0.8373609993,20
716,0.8269591339,31
717,0.8394570208,16
718,0.8126132418,23
719,0.8187307531,33
720,0.8352702114,32
721,0.8290291182,31
722,0.8248943182,18
723,0.8166864826,26
724,0.8207801406,30
725,0.8373609993,24
726,0.8436648166,23
727,0.8564151775,28
728,0.8650222931,26
729,0.8478937041,26
730,0.8457766173,27
731,0.8373609993,18
732,0.8352702114,23
733,0.8311042839,22
734,0.8290291182,19
735,0.8269591339,19
736,0.8269591339,18
737,0.8146473164,22
738,0.8085603163,27
739,0.8065414402,23
740,0.8085603163,27
741,0.8187307531,35
742,0.8187307531,26
743,0.8166864826,19
744,0.8269591339,29
745,0.8415582888,27
746,0.8269591339,23
747,0.8415582888,15
748,0.8311042839,13
749,0.8290291182,21
750,0.8331846439,32
751,0.8311042839,19
752,0.8187307531,32
753,0.810584246,24
754,0.8248943182,23
755,0.8228346581,23
756,0.8394570208,24
757,0.8564151775,26
758,0.8564151775,24
759,0.852143789,32
760,0.8500160902,29
761,0.8478937041,23
762,0.8500160902,25
763,0.8500160902,24
764,0.8500160902,32
765,0.8415582888,20
766,0.8290291182,20
767,0.8126132418,28
768,0.8166864826,20
769,0.7925497493,24
770,0.7905708496,17
771,0.7985162188,18
772,0.8005150068,23
773,0.802518798,21
774,0.8146473164,28
775,0.8269591339,22
776,0.8248943182,25
777,0.810584246,19
778,0.8065414402,24
779,0.8126132418,25
780,0.810584246,21
781,0.7965224215,17
782,0.7965224215,26
783,0.8085603163,28
784,0.810584246,23
785,0.8005150068,27
786,0.8126132418,24
787,0.8005150068,20
788,0.8126132418,28
789,0.8166864826,18
790,0.8045276049,22
791,0.810584246,23
792,0.8146473164,4
793,0.810584246,4
794,0.810584246,4
795,0.802518798,4
796,0.8126132418,5
797,0.810584246,5
798,0.8126132418,7
799,0.8085603163,6
800,0.8045276049,6
801,0.7965224215,28
802,0.802518798,25
803,0.8045276049,19
804,0.7905708496,27
805,0.7846637476,25
806,0.7905708496,21
807,0.7965224215,29
808,0.7965224215,18
809,0.7945336025,27
810,0.7965224215,23
811,0.8065414402,27
812,0.8065414402,26
813,0.810584246,22
814,0.788596891,33
815,0.7846637476,26
816,0.7710515858,19
817,0.7633794943,26
818,0.774916498,34
819,0.7965224215,21
820,0.7985162188,21
821,0.7827045382,24
822,0.7807502208,21
823,0.8005150068,16
824,0.8005150068,30
825,0.810584246,23
826,0.8085603163,21
827,0.8045276049,28
828,0.788596891,32
829,0.8085603163,32
830,0.7965224215,20
831,0.7925497493,22
832,0.7866278611,17
833,0.7846637476,25
834,0.7768562128,20
835,0.7710515858,23
836,0.7846637476,23
837,0.7807502208,18
838,0.7807502208,26
839,0.7768562128,6
840,0.7768562128,4
841,0.7729816263,6
842,0.7710515858,5
843,0.7807502208,5
844,0.7807502208,4
845,0.7788007831,5
846,0.7788007831,4
847,0.7827045382,4
848,0.7866278611,4
849,0.7788007831,4
850,0.7788007831,4
851,0.7866278611,4
852,0.7925497493,9
853,0.7846637476,6
854,0.7905708496,7
855,0.7945336025,4
856,0.7945336025,4
857,0.7945336025,4
858,0.7945336025,6
859,0.7945336025,4
860,0.802518798,4
861,0.7925497493,5
862,0.788596891,4
863,0.7595721232,27
864,0.7557837415,24
865,0.746395245,23
866,0.7352828675,28
867,0.7334469562,31
868,0.7279666808,25
869,0.7408182207,23
870,0.7445315875,34
871,0.7691263644,27
872,0.7846637476,30
873,0.774916498,29
874,0.774916498,20
875,0.7691263644,21
876,0.7633794943,29
877,0.7614734292,29
878,0.7652903306,24
879,0.76720595,19
880,0.774916498,32
881,0.76720595,16
882,0.7557837415,30
883,0.7710515858,22
884,0.7846637476,19
885,0.7807502208,18
886,0.7866278611,19
887,0.774916498,22
888,0.7652903306,25
889,0.7729816263,22
890,0.788596891,24
891,0.8166864826,24
892,0.8166864826,26
893,0.8290291182,26
894,0.8228346581,23
895,0.8269591339,18
896,0.8290291182,31
897,0.8290291182,4
898,0.8207801406,4
899,0.8065414402,33
900,0.8248943182,25
901,0.8415582888,20
902,0.8228346581,27
903,0.810584246,22
904,0.8065414402,28
905,0.8146473164,24
906,0.8248943182,15
907,0.8311042839,33
908,0.8248943182,21
909,0.8146473164,15
910,0.8331846439,25
911,0.8290291182,22
912,0.8126132418,16
913,0.8166864826,18
914,0.8085603163,22
915,0.810584246,15
916,0.8065414402,20
917,0.8065414402,16
918,0.8005150068,25
919,0.8005150068,24
920,0.8065414402,23
921,0.8045276049,21
922,0.810584246,25
923,0.8166864826,23
924,0.8126132418,18
925,0.8166864826,24
926,0.802518798,27
927,0.8005150068,27
928,0.7846637476,22
929,0.7768562128,4
930,0.7710515858,5
931,0.7691263644,5
932,0.7652903306,6
933,0.7691263644,4
934,0.7652903306,4
935,0.7614734292,8
936,0.7614734292,8
937,0.76720595,5
938,0.76720595,4
939,0.76720595,4
940,0.7652903306,7
941,0.7691263644,4
942,0.7652903306,6
943,0.7691263644,6
944,0.76720595,7
945,0.76720595,4
946,0.7691263644,5
947,0.7691263644,4
948,0.7691263644,4
949,0.7652903306,4
950,0.7652903306,4
951,0.7652903306,4
952,0.7652903306,4
953,0.774916498,5
954,0.76720595,4
955,0.7557837415,28
956,0.7614734292,25
957,0.7633794943,19
958,0.7633794943,26
959,0.7520142543,26
960,0.7614734292,23
961,0.7729816263,24
962,0.7905708496,25
963,0.7965224215,25
964,0.8146473164,21
965,0.8166864826,23
966,0.8005150068,32
967,0.802518798,21
968,0.8045276049,23
969,0.8126132418,20
970,0.8187307531,15
971,0.8207801406,33
972,0.8187307531,7
973,0.8228346581,8
974,0.8207801406,7
975,0.8207801406,4
976,0.8290291182,4
977,0.8311042839,7
978,0.8331846439,5
979,0.8290291182,4
980,0.8331846439,4
981,0.8311042839,5
982,0.8311042839,6
983,0.8290291182,5
984,0.8228346581,7
985,0.8187307531,4
986,0.8146473164,4
987,0.8146473164,4
988,0.8146473164,4
989,0.8228346581,4
990,0.8311042839,4
991,0.8311042839,4
992,0.8311042839,4
993,0.8269591339,4
994,0.8228346581,4
995,0.8187307531,4
996,0.8187307531,4
997,0.8146473164,4
998,0.8166864826,23
999,0.8228346581,27
1000,0.8207801406,23
1001,0.8248943182,28
1002,0.8126132418,38
1003,0.8207801406,18
1004,0.8126132418,22
1005,0.8166864826,18
1006,0.7985162188,41
1007,0.7846637476,19
1008,0.7807502208,26
1009,0.7846637476,20
1010,0.7985162188,31
1011,0.8065414402,20
1012,0.7965224215,33
1013,0.8248943182,26
1014,0.8187307531,23
1015,0.8228346581,22
1016,0.8311042839,32
1017,0.8352702114,20
1018,0.8331846439,25
1019,0.8415582888,30
1020,0.8415582888,24
1021,0.8311042839,27
1022,0.8311042839,30
1023,0.8290291182,29
1024,0.8126132418,30
1025,0.8146473164,21
1026,0.8187307531,30
1027,0.8352702114,24
1028,0.8436648166,20
1029,0.8331846439,27
1030,0.8311042839,25
1031,0.8065414402,24
1032,0.7905708496,28
1033,0.802518798,26
1034,0.8187307531,26
1035,0.8228346581,20
1036,0.8126132418,23
1037,0.8187307531,23
1038,0.810584246,22
1039,0.8146473164,16
1040,0.8311042839,30
1041,0.8248943182,25
1042,0.8248943182,24
1043,0.8373609993,34
1044,0.8228346581,25
1045,0.8311042839,26
1046,0.8269591339,18
1047,0.8269591339,26
1048,0.8269591339,14
1049,0.8228346581,24
1050,0.8146473164,16
1051,0.8126132418,25
1052,0.8065414402,23
1053,0.8269591339,30
1054,0.8187307531,30
1055,0.8126132418,27
1056,0.8085603163,24
1057,0.810584246,17
1058,0.8166864826,23
1059,0.8248943182,4
1060,0.8207801406,4
1061,0.8166864826,4
1062,0.8207801406,4
1063,0.8207801406,4
1064,0.8207801406,4
1065,0.8207801406,4
1066,0.8248943182,4
1067,0.8290291182,4
1068,0.8290291182,4
1069,0.8331846439,4
1070,0.8290291182,6
1071,0.8311042839,5
1072,0.8311042839,4
1073,0.8311042839,4
1074,0.8290291182,5
1075,0.8248943182,4
1076,0.8248943182,4
1077,0.8290291182,4
1078,0.8248943182,4
1079,0.8290291182,6
1080,0.8269591339,7
1081,0.8187307531,4
1082,0.8146473164,6
1083,0.8228346581,4
1084,0.8187307531,4
1085,0.8228346581,4
1086,0.8269591339,6
1087,0.8269591339,4
1088,0.8269591339,4
1089,0.8269591339,4
1090,0.8228346581,4
1091,0.8269591339,4
1092,0.8228346581,4
1093,0.8269591339,6
1094,0.8248943182,5
1095,0.8248943182,6
1096,0.8207801406,4
1097,0.8166864826,4
1098,0.8166864826,4
1099,0.8085603163,6
1100,0.8166864826,8
1101,0.8126132418,4
1102,0.8005150068,22
1103,0.810584246,23
1104,0.8126132418,25
1105,0.810584246,23
1106,0.8166864826,25
1107,0.7945336025,21
1108,0.8085603163,27
1109,0.810584246,23
1110,0.7925497493,21
1111,0.7945336025,23
1112,0.802518798,26
1113,0.8126132418,21
1114,0.8331846439,26
1115,0.8564151775,23
1116,0.8650222931,24
1117,0.8671875543,23
1118,0.8824969026,25
1119,0.8824969026,24
1120,0.8824969026,18
1121,0.8847059049,23
1122,0.8780954309,21
1123,0.8802934158,31
1124,0.87153435,22
1125,0.8913661439,17
1126,0.8780954309,22
1127,0.8891405117,23
1128,0.8802934158,30
1129,0.8780954309,23
1130,0.87153435,19
1131,0.8693582354,15
1132,0.8737159117,22
1133,0.8628624383,29
1134,0.8607079764,35
1135,0.8542768136,23
1136,0.8542768136,4
1137,0.858558894,4
1138,0.8650222931,5
1139,0.8650222931,4
1140,0.8693582354,4
1141,0.8759029341,5
1142,0.8759029341,6
1143,0.8780954309,9
1144,0.8780954309,4
1145,0.8780954309,4
1146,0.8737159117,4
1147,0.8737159117,6
1148,0.8780954309,4
1149,0.8759029341,5
1150,0.87153435,4
1151,0.8737159117,19
1152,0.8737159117,22
1153,0.8693582354,30
1154,0.8542768136,25
1155,0.8290291182,22
1156,0.8085603163,22
1157,0.8045276049,20
1158,0.802518798,25
1159,0.8005150068,25
1160,0.8085603163,22
1161,0.8065414402,25
1162,0.802518798,22
1163,0.7985162188,22
1164,0.8005150068,23
1165,0.8126132418,24
1166,0.8085603163,20
1167,0.8166864826,26
1168,0.8126132418,22
1169,0.7985162188,25
1170,0.7925497493,5
1171,0.7925497493,4
1172,0.7846637476,4
1173,0.788596891,4
1174,0.788596891,4
1175,0.7846637476,4
1176,0.788596891,4
1177,0.7866278611,5
1178,0.7827045382,4
1179,0.7905708496,4
1180,0.7866278611,4
1181,0.7866278611,4
1182,0.788596891,9
1183,0.7925497493,4
1184,0.7965224215,4
1185,0.7945336025,7
1186,0.7866278611,4
1187,0.788596891,7
1188,0.7925497493,4
1189,0.788596891,4
1190,0.7866278611,5
1191,0.7866278611,4
1192,0.7905708496,6
1193,0.7925497493,5
1194,0.7925497493,4
1195,0.7965224215,6
1196,0.802518798,5
1197,0.8065414402,4
1198,0.8045276049,5
1199,0.7965224215,4
1200,0.7925497493,4
1201,0.788596891,4
1202,0.788596891,4
1203,0.7925497493,4
1204,0.802518798,5
1205,0.802518798,4
1206,0.7945336025,4
1207,0.7945336025,4
1208,0.7965224215,5
1209,0.7925497493,20
1210,0.7768562128,20
1211,0.7691263644,26
1212,0.7557837415,15
1213,0.746395245,23
1214,0.753896642,20
1215,0.7557837415,23
1216,0.7408182207,22
1217,0.7279666808,21
1218,0.7334469562,21
1219,0.7371233744,24
1220,0.7426725832,25
1221,0.7426725832,34
1222,0.7408182207,23
1223,0.7445315875,24
1224,0.7482635676,22
1225,0.7576755646,23
1226,0.7595721232,21
1227,0.7827045382,26
1228,0.7807502208,21
1229,0.7827045382,29
1230,0.7827045382,4
1231,0.7807502208,5
1232,0.7768562128,4
1233,0.7807502208,4
1234,0.7827045382,7
1235,0.7866278611,6
1236,0.7866278611,4
1237,0.7827045382,4
1238,0.7827045382,4
1239,0.7866278611,6
1240,0.7945336025,4
1241,0.7945336025,4
1242,0.7965224215,5
1243,0.8005150068,4
1244,0.8045276049,4
1245,0.8085603163,4
1246,0.7985162188,5
1247,0.7965224215,5
1248,0.8005150068,4
1249,0.7945336025,5
1250,0.7945336025,6
1251,0.802518798,4
1252,0.7985162188,4
1253,0.8045276049,7
1254,0.8085603163,4
1255,0.8126132418,4
1256,0.8045276049,4
1257,0.8045276049,4
1258,0.8045276049,4
1259,0.8005150068,4
1260,0.8005150068,4
1261,0.8005150068,6
1262,0.8045276049,4
1263,0.7945336025,5
1264,0.8085603163,23
1265,0.8126132418,20
1266,0.8248943182,20
1267,0.8207801406,28
1268,0.802518798,27
1269,0.8311042839,24
1270,0.8352702114,30
1271,0.8248943182,23
1272,0.8146473164,17
1273,0.8248943182,31
1274,0.8269591339,27
1275,0.8126132418,25
1276,0.7985162188,19
1277,0.7905708496,20
1278,0.802518798,26
1279,0.7945336025,18
1280,0.8005150068,25
1281,0.7965224215,20
1282,0.8065414402,25
1283,0.8166864826,35
1284,0.8085603163,26
1285,0.8005150068,24
1286,0.8085603163,20
1287,0.8065414402,21
1288,0.8085603163,17
1289,0.7925497493,20
1290,0.7925497493,22
1291,0.7965224215,26
1292,0.7945336025,21
1293,0.8166864826,19
1294,0.8166864826,24
1295,0.7925497493,24
1296,0.7866278611,25
1297,0.7965224215,29
1298,0.8065414402,21
1299,0.810584246,30
1300,0.8311042839,28
1301,0.8500160902,23
1302,0.8436648166,25
1303,0.8478937041,28
1304,0.8331846439,19
1305,0.8373609993,18
1306,0.8373609993,24
1307,0.8248943182,30
1308,0.8311042839,17
1309,0.8187307531,22
1310,0.8248943182,19
1311,0.8207801406,32
1312,0.8207801406,22
1313,0.8290291182,22
1314,0.8228346581,21
1315,0.8146473164,16
1316,0.8166864826,19
1317,0.8065414402,23
1318,0.8045276049,29
1319,0.802518798,23
1320,0.7925497493,39
1321,0.8065414402,13
1322,0.8269591339,30
1323,0.8331846439,21
1324,0.8269591339,15
1325,0.8146473164,26
1326,0.8228346581,22
1327,0.8207801406,7
1328,0.8207801406,4
1329,0.8228346581,5
1330,0.8248943182,7
1331,0.8290291182,4
1332,0.8269591339,7
1333,0.8290291182,5
1334,0.8311042839,7
1335,0.8331846439,5
1336,0.8311042839,5
1337,0.8290291182,5
1338,0.8311042839,5
1339,0.8269591339,4
1340,0.8269591339,4
1341,0.8248943182,5
1342,0.8228346581,7
1343,0.8228346581,6
1344,0.8228346581,4
1345,0.8187307531,4
1346,0.8187307531,4
1347,0.8166864826,5
1348,0.8126132418,4
1349,0.8085603163,6
1350,0.8005150068,4
1351,0.802518798,29
1352,0.8085603163,23
1353,0.8085603163,22
1354,0.8166864826,24
1355,0.8005150068,32
1356,0.802518798,25
1357,0.8146473164,18
1358,0.810584246,28
1359,0.802518798,18
1360,0.8085603163,29
1361,0.8065414402,23
1362,0.8065414402,18
1363,0.8228346581,32
1364,0.8187307531,32
1365,0.8311042839,24
1366,0.8331846439,19
1367,0.8166864826,20
1368,0.810584246,23
1369,0.8331846439,27
1370,0.8436648166,27
1371,0.8500160902,17
1372,0.852143789,21
1373,0.8542768136,13
1374,0.8500160902,24
1375,0.8607079764,25
1376,0.852143789,28
1377,0.852143789,4
1378,0.8478937041,4
1379,0.852143789,4
1380,0.8564151775,4
1381,0.8607079764,4
1382,0.8607079764,6
1383,0.8542768136,5
1384,0.858558894,24
1385,0.8564151775,27
1386,0.8693582354,20
1387,0.8802934158,19
1388,0.9025781498,28
1389,0.9003245226,21
1390,0.8958341353,20
1391,0.9071023416,27
1392,0.9185122844,21
1393,0.9417645336,24
1394,0.9370674634,22
1395,0.9208114379,23
1396,0.9417645336,29
1397,0.9208114379,27
1398,0.9139311853,19
1399,0.9139311853,18
1400,0.9162188717,23
1401,0.8847059049,26
1402,0.9003245226,35
1403,0.9003245226,22
1404,0.8891405117,23
1405,0.9025781498,22
1406,0.8913661439,27
1407,0.8824969026,28
1408,0.904837418,28
1409,0.9162188717,29
1410,0.9208114379,18
1411,0.9071023416,30
1412,0.9071023416,30
1413,0.9003245226,25
1414,0.9071023416,23
1415,0.9071023416,4
1416,0.9025781498,4
1417,0.9025781498,4
1418,0.904837418,5
1419,0.9025781498,9
1420,0.8980765225,4
1421,0.9093729345,23
1422,0.8958341353,24
1423,0.9071023416,29
1424,0.9071023416,26
1425,0.904837418,17
1426,0.9139311853,20
1427,0.9139311853,30
1428,0.9208114379,21
1429,0.911649211,22
1430,0.8958341353,25
1431,0.9025781498,19
1432,0.8980765225,12
1433,0.911649211,20
1434,0.911649211,26
1435,0.9300657467,26
1436,0.9254270244,18
1437,0.9441218904,26
1438,0.9208114379,28
1439,0.8958341353,25
1440,0.8891405117,15
1441,0.8869204367,29
1442,0.8869204367,16
1443,0.8780954309,26
1444,0.8671875543,17
1445,0.8759029341,30
1446,0.8780954309,17
1447,0.8847059049,29
1448,0.8891405117,16
1449,0.8737159117,17
1450,0.8737159117,22
1451,0.8671875543,21
1452,0.8564151775,21
1453,0.8457766173,29
1454,0.8415582888,24
1455,0.8373609993,20
1456,0.8542768136,28
1457,0.852143789,21
1458,0.8457766173,19
1459,0.8542768136,20
1460,0.8331846439,30
1461,0.8269591339,23
1462,0.8290291182,23
1463,0.8436648166,23
1464,0.8311042839,22
1465,0.8290291182,21
1466,0.8352702114,15
1467,0.8352702114,24
1468,0.8311042839,26
1469,0.8394570208,28
1470,0.8415582888,31
1471,0.8436648166,21
1472,0.8373609993,27
1473,0.8373609993,12
1474,0.8352702114,17
1475,0.8394570208,26
1476,0.8457766173,15
1477,0.8478937041,27
1478,0.8478937041,30
1479,0.8373609993,25
1480,0.8500160902,24
1481,0.852143789,13
1482,0.8671875543,27
1483,0.8780954309,23
1484,0.8693582354,4
1485,0.8650222931,4
1486,0.8671875543,5
1487,0.8671875543,4
1488,0.8737159117,7
1489,0.8780954309,8
1490,0.8802934158,5
1491,0.8759029341,4
1492,0.8693582354,7
1493,0.8607079764,4
1494,0.8628624383,7
1495,0.858558894,4
1496,0.8650222931,5
1497,0.8607079764,4
1498,0.8650222931,4
1499,0.8737159117,6
1500,0.8693582354,6
1501,0.8693582354,4
1502,0.8628624383,5
1503,0.8607079764,9
1504,0.8564151775,4
1505,0.858558894,5
1506,0.8500160902,4
1507,0.8415582888,6
1508,0.8394570208,5
1509,0.8352702114,4
1510,0.8311042839,4
1511,0.8352702114,4
1512,0.8290291182,5
1513,0.8331846439,4
1514,0.8331846439,4
1515,0.8248943182,4
1516,0.8166864826,4
1517,0.8166864826,4
1518,0.8207801406,4
1519,0.8207801406,4
1520,0.8228346581,7
1521,0.8187307531,6
1522,0.8228346581,4
1523,0.8228346581,8
1524,0.8146473164,4
1525,0.8146473164,4
1526,0.8146473164,4
1527,0.810584246,6
1528,0.810584246,22
1529,0.8166864826,23
1530,0.8290291182,24
1531,0.8352702114,21
1532,0.8269591339,22
1533,0.8311042839,24
1534,0.8187307531,22
1535,0.8085603163,33
1536,0.8166864826,24
1537,0.8166864826,22
1538,0.8207801406,22
1539,0.8248943182,20
1540,0.8331846439,20
1541,0.8331846439,28
1542,0.8166864826,28
1543,0.7985162188,19
1544,0.7945336025,18
1545,0.7965224215,23
1546,0.7925497493,32
1547,0.7807502208,26
1548,0.7827045382,17
1549,0.788596891,19
1550,0.7807502208,20
1551,0.7788007831,23
1552,0.7846637476,29
1553,0.7985162188,29
1554,0.7827045382,22
1555,0.7788007831,20
1556,0.7807502208,19
1557,0.7925497493,30
1558,0.8045276049,20
1559,0.802518798,27
1560,0.8005150068,31
1561,0.7965224215,12
1562,0.802518798,19
1563,0.8187307531,24
1564,0.8248943182,25
1565,0.8187307531,17
1566,0.8045276049,17
1567,0.7866278611,31
1568,0.7925497493,17
1569,0.7788007831,29
1570,0.7691263644,21
1571,0.7788007831,25
1572,0.7729816263,23
1573,0.7768562128,18
1574,0.7827045382,19
1575,0.7866278611,26
1576,0.7985162188,24
1577,0.8005150068,25
1578,0.788596891,28
1579,0.8085603163,22
1580,0.8126132418,26
1581,0.8126132418,28
1582,0.8207801406,16
1583,0.8269591339,19
1584,0.8248943182,29
1585,0.8166864826,30
1586,0.8126132418,24
1587,0.810584246,23
1588,0.810584246,22
1589,0.7985162188,22
1590,0.7846637476,29
1591,0.7846637476,24
1592,0.7710515858,25
1593,0.7788007831,20
1594,0.7866278611,28
1595,0.7925497493,23
1596,0.7925497493,4
1597,0.7905708496,7
1598,0.7866278611,6
1599,0.7866278611,4
1600,0.7827045382,4
1601,0.7827045382,4
1602,0.7905708496,4
1603,0.788596891,7
1604,0.7925497493,4
1605,0.7905708496,7
1606,0.7925497493,5
1607,0.7965224215,4
1608,0.7965224215,4
1609,0.7846637476,6
1610,0.788596891,4
1611,0.7846637476,6
1612,0.7846637476,4
1613,0.7846637476,4
1614,0.788596891,4
1615,0.7846637476,4
1616,0.7807502208,4
1617,0.7729816263,4
1618,0.7691263644,6
1619,0.7729816263,4
1620,0.7652903306,4
1621,0.7652903306,4
1622,0.746395245,30
1623,0.7426725832,26
1624,0.7297888743,19
1625,0.7261490371,20
1626,0.7334469562,28
1627,0.7445315875,20
1628,0.7501365668,27
1629,0.7482635676,31
1630,0.7445315875,28
1631,0.7501365668,17
1632,0.7501365668,26
1633,0.7408182207,27
1634,0.7408182207,28
1635,0.7371233744,22
1636,0.7297888743,28
1637,0.7426725832,25
1638,0.7352828675,22
1639,0.746395245,28
1640,0.7595721232,23
1641,0.7557837415,4
1642,0.7557837415,4
1643,0.7557837415,4
1644,0.7520142543,4
1645,0.7557837415,4
1646,0.7557837415,6
1647,0.7595721232,6
1648,0.7595721232,4
1649,0.7595721232,4
1650,0.76720595,4
1651,0.7595721232,4
1652,0.7520142543,24
1653,0.7520142543,24
1654,0.7482635676,22
1655,0.7557837415,24
1656,0.7501365668,23
1657,0.7557837415,31
1658,0.7501365668,19
1659,0.746395245,22
1660,0.7652903306,26
1661,0.7595721232,33
1662,0.7576755646,23
1663,0.7633794943,23
1664,0.7633794943,24
1665,0.7614734292,27
1666,0.7576755646,24
1667,0.746395245,24
1668,0.7633794943,25
1669,0.7768562128,23
1670,0.7576755646,24
1671,0.753896642,26
1672,0.7445315875,17
1673,0.7426725832,17
1674,0.7445315875,21
1675,0.7520142543,24
1676,0.7482635676,20
1677,0.7520142543,30
1678,0.7595721232,32
1679,0.7652903306,17
1680,0.76720595,15
1681,0.7691263644,23
1682,0.7729816263,34
1683,0.7788007831,23
1684,0.7807502208,17
1685,0.7905708496,27
1686,0.810584246,24
1687,0.8126132418,21
1688,0.8065414402,25
1689,0.8045276049,25
1690,0.8166864826,24
1691,0.8290291182,22
1692,0.8187307531,21
1693,0.8166864826,29
1694,0.8269591339,31
1695,0.8352702114,24
1696,0.8207801406,19
1697,0.8166864826,22
1698,0.8085603163,22
1699,0.8146473164,19
1700,0.8166864826,25
1701,0.8166864826,20
1702,0.8290291182,30
1703,0.8331846439,24
1704,0.8166864826,18
1705,0.8331846439,20
1706,0.8146473164,19
1707,0.810584246,18
1708,0.8207801406,21
1709,0.810584246,23
1710,0.8065414402,14
1711,0.8065414402,22
1712,0.810584246,32
1713,0.8146473164,18
1714,0.8187307531,24
1715,0.802518798,20
1716,0.7985162188,26
1717,0.788596891,35
1718,0.7846637476,28
1719,0.7905708496,25
1720,0.7965224215,31
1721,0.788596891,24
1722,0.8005150068,18
1723,0.8005150068,28
1724,0.7807502208,24
1725,0.7925497493,16
1726,0.7945336025,21
1727,0.8045276049,25
1728,0.8065414402,21
1729,0.8005150068,25
1730,0.802518798,25
1731,0.8065414402,22
1732,0.8126132418,25
1733,0.7985162188,21
1734,0.8085603163,27
1735,0.8065414402,29
1736,0.8065414402,26
1737,0.8311042839,22
1738,0.8352702114,4
1739,0.8373609993,5
1740,0.8352702114,5
1741,0.8352702114,4
1742,0.8290291182,7
1743,0.8248943182,4
1744,0.8207801406,4
1745,0.8166864826,4
1746,0.8207801406,8
1747,0.8146473164,5
1748,0.8228346581,32
1749,0.8373609993,19
1750,0.8126132418,22
1751,0.8005150068,16
1752,0.802518798,25
1753,0.7945336025,24
1754,0.8005150068,11
1755,0.810584246,17
1756,0.8207801406,11
1757,0.8248943182,32
1758,0.8269591339,21
1759,0.8290291182,23
1760,0.8207801406,20
1761,0.8166864826,20
1762,0.8146473164,17
1763,0.8228346581,22
1764,0.8248943182,23
1765,0.8085603163,32
1766,0.8290291182,22
1767,0.8457766173,22
1768,0.8457766173,28
1769,0.852143789,25
1770,0.8542768136,25
1771,0.8650222931,23
1772,0.8869204367,30
1773,0.8958341353,24
1774,0.8958341353,24
1775,0.8980765225,27
1776,0.8913661439,23
1777,0.8869204367,20
1778,0.8891405117,23
1779,0.8891405117,22
1780,0.8847059049,20
1781,0.8802934158,26
1782,0.8759029341,22
1783,0.8737159117,27
1784,0.8737159117,18
1785,0.8891405117,23
1786,0.9003245226,23
1787,0.904837418,34
1788,0.9025781498,27
1789,0.9071023416,22
1790,0.911649211,26
1791,0.9071023416,22
1792,0.9025781498,26
1793,0.9003245226,19
1794,0.9025781498,23
1795,0.8980765225,20
1796,0.8980765225,26
1797,0.9093729345,25
1798,0.8980765225,23
1799,0.8935973471,26
1800,0.8869204367,27
1801,0.8607079764,26
1802,0.8780954309,30
1803,0.8457766173,21
1804,0.8457766173,22
1805,0.8607079764,19
1806,0.858558894,23
1807,0.858558894,20
1808,0.858558894,24
1809,0.8671875543,16
1810,0.8607079764,25
1811,0.8847059049,29
1812,0.8913661439,19
1813,0.8935973471,21
1814,0.8913661439,19
1815,0.8847059049,23
1816,0.9003245226,25
1817,0.9025781498,19
1818,0.8869204367,23
1819,0.8913661439,14
1820,0.8824969026,32
1821,0.8780954309,18
1822,0.8891405117,19
1823,0.8891405117,10
1824,0.8847059049,32
1825,0.8780954309,23
1826,0.8759029341,33
1827,0.8436648166,35
1828,0.8542768136,21
1829,0.8542768136,22
1830,0.8607079764,23
1831,0.8628624383,25
1832,0.8737159117,27
1833,0.8869204367,26
1834,0.8869204367,34
1835,0.87153435,21
1836,0.8436648166,29
1837,0.8187307531,28
1838,0.8269591339,28
1839,0.8394570208,26
1840,0.8415582888,23
1841,0.8311042839,25
1842,0.8228346581,28
1843,0.8290291182,21
1844,0.8269591339,27
1845,0.8373609993,31
1846,0.8352702114,25
1847,0.8166864826,21
1848,0.810584246,27
1849,0.7985162188,28
1850,0.8146473164,30
1851,0.8207801406,17
1852,0.8311042839,19
1853,0.8290291182,27
1854,0.8331846439,22
1855,0.8269591339,11
1856,0.8311042839,26
1857,0.8436648166,18
1858,0.8478937041,30
1859,0.8457766173,23
1860,0.8478937041,29
1861,0.852143789,32
1862,0.8436648166,24
1863,0.8436648166,24
1864,0.8415582888,27
1865,0.8311042839,19
1866,0.8394570208,24
1867,0.8311042839,18
1868,0.8146473164,36
1869,0.8207801406,25
1870,0.8248943182,24
1871,0.8436648166,27
1872,0.8415582888,23
1873,0.8436648166,23
1874,0.8187307531,28
1875,0.8228346581,26
1876,0.8269591339,24
1877,0.8248943182,11
1878,0.8126132418,24
1879,0.8228346581,13
1880,0.8166864826,27
1881,0.8126132418,22
1882,0.8126132418,26
1883,0.8187307531,23
1884,0.8269591339,18
1885,0.8248943182,25
1886,0.8290291182,26
1887,0.8248943182,30
1888,0.8352702114,31
1889,0.8352702114,14
1890,0.8352702114,22
1891,0.8373609993,23
1892,0.8187307531,27
1893,0.802518798,24
1894,0.8065414402,34
1895,0.810584246,20
1896,0.7945336025,22
1897,0.774916498,20
1898,0.7691263644,29
1899,0.7633794943,25
1900,0.76720595,20
1901,0.7807502208,29
1902,0.7807502208,18
1903,0.7768562128,10
1904,0.774916498,25
1905,0.7827045382,24
1906,0.7729816263,19
1907,0.7729816263,18
1908,0.7846637476,26
1909,0.7866278611,27
1910,0.7846637476,39
1911,0.7827045382,21
1912,0.7846637476,31
1913,0.7807502208,36
1914,0.7807502208,24
1915,0.788596891,28
1916,0.7945336025,29
1917,0.7788007831,20
1918,0.788596891,25
1919,0.788596891,18
1920,0.802518798,19
1921,0.7945336025,30
1922,0.7866278611,18
1923,0.788596891,29
1924,0.7965224215,16
1925,0.7965224215,24
1926,0.7827045382,23
1927,0.7729816263,19
1928,0.7710515858,27
1929,0.7729816263,23
1930,0.76720595,25
1931,0.7691263644,25
1932,0.7576755646,20
1933,0.7691263644,28
1934,0.7595721232,23
1935,0.7788007831,16
1936,0.7807502208,19
1937,0.7788007831,25
1938,0.7846637476,27
1939,0.7905708496,21
1940,0.7965224215,23
1941,0.8045276049,20
1942,0.8045276049,18
1943,0.7965224215,32
1944,0.788596891,30
1945,0.7965224215,24
1946,0.7985162188,15
1947,0.7985162188,18
1948,0.8085603163,25
1949,0.810584246,29
1950,0.8085603163,25
1951,0.810584246,25
1952,0.8228346581,30
1953,0.8085603163,23
1954,0.7905708496,23
1955,0.7846637476,17
1956,0.7945336025,21
1957,0.802518798,26
1958,0.802518798,28
1959,0.7945336025,30
1960,0.802518798,24
1961,0.8166864826,31
1962,0.8228346581,17
1963,0.8311042839,28
1964,0.8228346581,28
1965,0.8085603163,25
1966,0.8126132418,20
1967,0.8248943182,24
1968,0.8146473164,21
1969,0.8207801406,27
1970,0.8269591339,31
1971,0.8248943182,27
1972,0.8207801406,22
1973,0.8269591339,23
1974,0.8085603163,25
1975,0.8146473164,15
1976,0.8126132418,19
1977,0.810584246,21
1978,0.7905708496,22
1979,0.7866278611,20
1980,0.7985162188,20
1981,0.810584246,32
1982,0.8126132418,29
1983,0.8045276049,34
1984,0.788596891,26
1985,0.7768562128,32
1986,0.7729816263,20
1987,0.7691263644,8
1988,0.7652903306,4
1989,0.7614734292,4
1990,0.7576755646,4
1991,0.7614734292,20
1992,0.7614734292,28
1993,0.76720595,19
1994,0.7652903306,29
1995,0.7557837415,13
1996,0.746395245,25
1997,0.7352828675,26
1998,0.7352828675,14
1999,0.7352828675,4
2000,0.7352828675,4
2001,0.7261490371,5
2002,0.7297888743,4
2003,0.7279666808,5
2004,0.7243359318,4
2005,0.7171286689,8
2006,0.7171286689,4
2007,0.7171286689,4
2008,0.7135519747,4
2009,0.7099931194,4
2010,0.7029285698,4
2011,0.7064520139,4
2012,0.7099931194,4
2013,0.7135519747,4
2014,0.7099931194,4
2015,0.7064520139,6
2016,0.7117703228,5
2017,0.7117703228,4
2018,0.7117703228,6
2019,0.7117703228,4
2020,0.7082203535,6
2021,0.7046880897,4
2022,0.7011734432,4
2023,0.7011734432,22
2024,0.7011734432,18
2025,0.7064520139,21
2026,0.7082203535,21
2027,0.7064520139,19
2028,0.7064520139,22
2029,0.7029285698,22
2030,0.7153380864,21
2031,0.7279666808,23
2032,0.7316156289,26
2033,0.7261490371,31
2034,0.7225273536,30
2035,0.7225273536,26
2036,0.7261490371,20
2037,0.7279666808,25
2038,0.7334469562,29
2039,0.7297888743,14
2040,0.7225273536,26
2041,0.7501365668,23
2042,0.7445315875,21
2043,0.7334469562,28
2044,0.7520142543,26
2045,0.7445315875,24
2046,0.746395245,27
2047,0.7501365668,4
2048,0.746395245,4
2049,0.746395245,6
2050,0.7426725832,8
2051,0.7408182207,7
2052,0.7445315875,4
2053,0.746395245,5
2054,0.7501365668,4
2055,0.7426725832,4
2056,0.746395245,4
2057,0.7501365668,8
2058,0.746395245,4
2059,0.7501365668,4
2060,0.746395245,4
2061,0.7501365668,4
2062,0.746395245,4
2063,0.7426725832,6
2064,0.7408182207,5
2065,0.7334469562,4
2066,0.7297888743,4
2067,0.7261490371,4
2068,0.7225273536,4
2069,0.7207232913,5
2070,0.7082203535,23
2071,0.7135519747,23
2072,0.7011734432,25
2073,0.7099931194,27
2074,0.6994226989,22
2075,0.6924633268,24
2076,0.682153891,28
2077,0.6855732016,20
2078,0.6855732016,16
2079,0.6855732016,30
2080,0.682153891,22
2081,0.6753663464,22
2082,0.6804506362,23
2083,0.6770568745,30
2084,0.670320046,18
2085,0.682153891,21
2086,0.6890096516,18
2087,0.6959343137,30
2088,0.7011734432,23
2089,0.7153380864,20
2090,0.7207232913,15
2091,0.7261490371,27
2092,0.7352828675,23
2093,0.7445315875,25
2094,0.753896642,19
2095,0.7633794943,19
2096,0.76720595,18
2097,0.7614734292,21
2098,0.7633794943,19
2099,0.7614734292,23
2100,0.7520142543,21
2101,0.7576755646,29
2102,0.7652903306,28
2103,0.7807502208,26
2104,0.7827045382,27
2105,0.7945336025,22
2106,0.7866278611,32
2107,0.7925497493,25
2108,0.7965224215,18
2109,0.802518798,25
2110,0.7925497493,27
2111,0.7788007831,27
2112,0.7788007831,4
2113,0.7807502208,5
2114,0.7807502208,4
2115,0.7788007831,5
2116,0.7788007831,8
2117,0.774916498,4
2118,0.7788007831,4
2119,0.7827045382,6
2120,0.7866278611,4
2121,0.7788007831,4
2122,0.7768562128,5
2123,0.7846637476,6
2124,0.788596891,4
2125,0.788596891,4
2126,0.7965224215,6
2127,0.8005150068,4
2128,0.7965224215,4
2129,0.7965224215,8
2130,0.8005150068,4
2131,0.810584246,9
2132,0.8126132418,5
2133,0.8166864826,4
2134,0.8166864826,4
2135,0.8187307531,7
2136,0.8187307531,4
2137,0.8187307531,4
2138,0.8269591339,8
2139,0.8248943182,5
2140,0.8311042839,5
2141,0.8311042839,4
2142,0.8311042839,4
2143,0.8311042839,4
2144,0.8311042839,4
2145,0.8331846439,5
2146,0.8436648166,9
2147,0.8478937041,4
2148,0.8478937041,4
2149,0.8436648166,4
2150,0.8500160902,5
2151,0.8500160902,4
2152,0.8500160902,4
2153,0.8500160902,4
2154,0.8500160902,8
2155,0.8457766173,4
2156,0.8457766173,4
2157,0.8394570208,5
2158,0.8352702114,26
2159,0.8166864826,19
2160,0.8311042839,23
2161,0.8248943182,17
2162,0.8248943182,22
2163,0.8166864826,26
2164,0.788596891,28
2165,0.7925497493,28
2166,0.7846637476,22
2167,0.7807502208,20
2168,0.7965224215,26
2169,0.8005150068,24
2170,0.8085603163,24
2171,0.8085603163,24
2172,0.8085603163,4
2173,0.8085603163,4
2174,0.8005150068,6
2175,0.8045276049,4
2176,0.8045276049,4
2177,0.8065414402,7
2178,0.810584246,4
2179,0.8146473164,4
2180,0.810584246,4
2181,0.8045276049,5
2182,0.8045276049,4
2183,0.802518798,5
2184,0.8065414402,4
2185,0.802518798,4
2186,0.7985162188,4
2187,0.7925497493,11
2188,0.7925497493,6
2189,0.7965224215,4
2190,0.8045276049,4
2191,0.7965224215,4
2192,0.7965224215,6
2193,0.8005150068,4
2194,0.8085603163,30
2195,0.7905708496,19
2196,0.7866278611,10
2197,0.788596891,23
2198,0.788596891,28
2199,0.7965224215,6
2200,0.8005150068,6
2201,0.7965224215,4
2202,0.8045276049,4
2203,0.8005150068,4
2204,0.7905708496,5
2205,0.7925497493,5
2206,0.7965224215,4
2207,0.7965224215,6
2208,0.7925497493,6
2209,0.7985162188,5
2210,0.7905708496,4
2211,0.7925497493,5
2212,0.7925497493,4
2213,0.788596891,8
2214,0.7945336025,5
2215,0.788596891,5
2216,0.7846637476,4
2217,0.7846637476,4
2218,0.7827045382,7
2219,0.774916498,22
2220,0.76720595,24
2221,0.7595721232,28
2222,0.774916498,22
2223,0.7788007831,28
2224,0.7965224215,31
2225,0.7945336025,23
2226,0.7945336025,20
2227,0.7905708496,24
2228,0.7827045382,28
2229,0.788596891,27
2230,0.7925497493,28
2231,0.774916498,27
2232,0.7729816263,21
2233,0.76720595,23
2234,0.7633794943,34
2235,0.7710515858,24
2236,0.76720595,22
2237,0.7614734292,23
2238,0.7652903306,32
2239,0.7807502208,26
2240,0.7827045382,21
2241,0.7866278611,28
2242,0.7768562128,17
2243,0.7788007831,27
2244,0.7827045382,22
2245,0.788596891,21
2246,0.7945336025,19
2247,0.7945336025,32
2248,0.7866278611,34
2249,0.7905708496,30
2250,0.7965224215,23
2251,0.8085603163,22
2252,0.8126132418,20
2253,0.7925497493,22
2254,0.7965224215,30
2255,0.8045276049,32
2256,0.8085603163,24
2257,0.8146473164,25
2258,0.8248943182,27
2259,0.8126132418,22
2260,0.7985162188,21
2261,0.810584246,24
2262,0.8207801406,19
2263,0.8166864826,32
2264,0.8248943182,22
2265,0.8248943182,20
2266,0.8290291182,22
2267,0.8311042839,29
2268,0.8478937041,22
2269,0.8564151775,26
2270,0.8671875543,23
2271,0.87153435,24
2272,0.8693582354,25
2273,0.8737159117,24
2274,0.8847059049,23
2275,0.8802934158,26
2276,0.8847059049,22
2277,0.8693582354,27
2278,0.8564151775,28
2279,0.8693582354,28
2280,0.87153435,21
2281,0.8693582354,31
2282,0.8693582354,26
2283,0.8891405117,21
2284,0.8869204367,21
2285,0.8980765225,27
2286,0.8824969026,25
2287,0.8693582354,24
2288,0.8650222931,22
2289,0.87153435,33
2290,0.8650222931,27
2291,0.858558894,27
2292,0.8607079764,27
2293,0.8542768136,29
2294,0.8650222931,21
2295,0.8628624383,29
2296,0.8436648166,21
2297,0.8311042839,30
2298,0.8311042839,20
2299,0.8290291182,19
2300,0.8269591339,25
2301,0.8269591339,24
2302,0.8415582888,21
2303,0.8415582888,20
2304,0.852143789,15
2305,0.858558894,5
2306,0.8628624383,4
2307,0.8671875543,4
2308,0.8628624383,4
2309,0.8542768136,4
2310,0.8542768136,4
2311,0.858558894,4
2312,0.8607079764,5
2313,0.8650222931,4
2314,0.8650222931,4
2315,0.8650222931,8
2316,0.8693582354,4
2317,0.8650222931,4
2318,0.8650222931,4
2319,0.8737159117,4
2320,0.8737159117,4
2321,0.8737159117,6
2322,0.8737159117,4
2323,0.8759029341,5
2324,0.8759029341,6
2325,0.8802934158,4
2326,0.8847059049,4
2327,0.8847059049,4
2328,0.8737159117,7
2329,0.8693582354,4
2330,0.8650222931,6
2331,0.8693582354,4
2332,0.8780954309,6
2333,0.8737159117,6
2334,0.8780954309,6
2335,0.8693582354,8
2336,0.8780954309,4
2337,0.8869204367,4
2338,0.8869204367,4
2339,0.8869204367,4
2340,0.8824969026,6
2341,0.8824969026,4
2342,0.8824969026,4
2343,0.8869204367,4
2344,0.8891405117,5
2345,0.8847059049,8
2346,0.8759029341,4
2347,0.8847059049,8
2348,0.8891405117,4
2349,0.8891405117,4
2350,0.8891405117,6
2351,0.8869204367,9
2352,0.8869204367,6
2353,0.8958341353,6
2354,0.8913661439,8
2355,0.8913661439,4
2356,0.8935973471,5
2357,0.9003245226,9
2358,0.9003245226,6
2359,0.9003245226,4
2360,0.8958341353,4
2361,0.8913661439,4
2362,0.8958341353,22
2363,0.8958341353,26
2364,0.8650222931,26
2365,0.8628624383,29
2366,0.8628624383,26
2367,0.87153435,18
2368,0.8628624383,24
2369,0.8564151775,23
2370,0.8542768136,33
2371,0.8542768136,18
2372,0.8542768136,26
2373,0.8671875543,26
2374,0.8650222931,29
2375,0.8650222931,22
2376,0.8564151775,28
2377,0.8478937041,22
2378,0.8759029341,23
2379,0.8913661439,21
2380,0.8628624383,33
2381,0.8780954309,23
2382,0.8693582354,18
2383,0.8693582354,18
2384,0.8780954309,24
2385,0.8847059049,21
2386,0.8737159117,19
2387,0.8869204367,24
2388,0.8847059049,23
2389,0.9025781498,28
2390,0.8958341353,29
2391,0.904837418,16
2392,0.9093729345,30
2393,0.911649211,17
2394,0.9185122844,17
2395,0.9139311853,34
2396,0.9093729345,26
2397,0.9277434863,20
2398,0.9488543211,21
2399,0.9631944177,26
2400,0.9607894392,23
2401,0.9680224498,21
2402,0.946485148,23
2403,0.9536104731,29
2404,0.9441218904,22
2405,0.946485148,29
2406,0.9488543211,25
2407,0.9512294245,23
2408,0.9728746826,31
2409,0.9704455335,31
2410,0.9656054163,28
2411,0.9607894392,24
2412,0.9656054163,22
2413,0.9559974818,22
2414,0.946485148,22
2415,0.9488543211,23
2416,0.9488543211,28
2417,0.9583904655,26
2418,0.9559974818,21
2419,0.9417645336,26
2420,0.9512294245,26
2421,0.9488543211,21
2422,0.9488543211,16
2423,0.9583904655,26
2424,0.946485148,25
2425,0.9488543211,25
2426,0.9370674634,27
2427,0.9417645336,22
2428,0.946485148,18
2429,0.9417645336,18
2430,0.9559974818,20
2431,0.9441218904,27
2432,0.9607894392,39
2433,0.9680224498,25
2434,0.9680224498,22
2435,0.9656054163,27
2436,0.9704455335,26
2437,0.9728746826,27
2438,0.975309912,27
2439,0.9826522357,21
2440,0.9777512372,6
2441,0.9826522357,4
2442,0.9777512372,4
2443,0.9826522357,4
2444,0.9728746826,4
2445,0.9680224498,4
2446,0.9777512372,4
2447,0.9777512372,4
2448,0.975309912,5
2449,0.9851119396,4
2450,0.9851119396,4
2451,0.9826522357,5
2452,0.9826522357,6
2453,0.9777512372,4
2454,0.9777512372,8
2455,0.9728746826,4
2456,0.9728746826,4
2457,0.9777512372,4
2458,0.9728746826,4
2459,0.975309912,5
2460,0.975309912,4
2461,0.9801986733,4
2462,0.9851119396,6
2463,0.9925280548,5
2464,0.9925280548,4
2465,0.9826522357,4
2466,0.9728746826,4
2467,0.9728746826,4
2468,0.9680224498,4
2469,0.9728746826,6
2470,0.9704455335,5
2471,0.9704455335,6
2472,0.9704455335,4
2473,0.975309912,4
2474,0.9777512372,5
2475,0.9826522357,8
2476,0.9875778005,8
2477,0.9925280548,4
2478,0.9851119396,5
2479,0.9801986733,6
2480,1.012578452,31
2481,1.017654022,18
2482,0.9851119396,27
2483,0.9900498337,26
2484,0.9826522357,29
2485,0.9851119396,23
2486,0.9801986733,28
2487,0.9801986733,18
2488,0.9728746826,25
2489,0.9728746826,22
2490,0.9777512372,18
2491,0.9875778005,20
2492,0.9925280548,16
2493,0.9826522357,24
2494,0.9875778005,20
2495,0.9925280548,4
2496,0.9975031224,6
2497,0.9925280548,4
2498,1,5
2499,1,4
2500,0.9950124792,4
2501,1.002503128,7
2502,0.9975031224,4
2503,0.9875778005,4
2504,0.9900498337,7
2505,0.9975031224,5
2506,0.9925280548,6
2507,0.9875778005,4
2508,0.975309912,5
2509,0.9777512372,5
2510,0.9801986733,5
2511,0.9851119396,6
2512,0.9801986733,4
2513,0.9801986733,4
2514,0.975309912,4
2515,0.9801986733,4
2516,0.975309912,4
2517,0.9801986733,4
2518,0.9801986733,4
2519,0.9826522357,5
2520,0.9728746826,4
2521,0.9777512372,4
2522,0.9826522357,4
2523,0.9826522357,4
2524,0.9777512372,4
2525,0.9875778005,28
2526,0.9777512372,16
2527,0.9536104731,38
2528,0.9631944177,26
2529,0.9777512372,20
2530,0.9704455335,31
2531,0.9680224498,29
2532,0.9631944177,26
2533,0.9631944177,30
2534,0.9631944177,20
2535,0.9536104731,22
2536,0.9559974818,27
2537,0.9559974818,18
2538,0.9441218904,23
2539,0.9559974818,29
2540,0.9680224498,17
2541,0.9441218904,22
2542,0.9559974818,17
2543,0.946485148,30
2544,0.9583904655,19
2545,0.9512294245,19
2546,0.9488543211,25
2547,0.9512294245,29
2548,0.975309912,24
2549,0.9704455335,26
2550,0.9728746826,25
2551,0.9583904655,30
2552,0.9656054163,21
2553,0.975309912,28
2554,0.9583904655,27
2555,0.9583904655,26
2556,0.9512294245,21
2557,0.9559974818,20
2558,0.9536104731,15
2559,0.9656054163,29
2560,0.9801986733,32
2561,0.975309912,26
2562,0.9704455335,28
2563,0.9728746826,29
2564,0.9801986733,25
2565,0.9826522357,27
2566,0.9950124792,19
2567,0.9704455335,26
2568,0.9488543211,13
2569,0.9536104731,26
2570,0.9323938199,31
2571,0.9370674634,26
2572,0.9254270244,27
2573,0.9162188717,28
2574,0.9162188717,26
2575,0.9185122844,25
2576,0.9093729345,28
2577,0.904837418,20
2578,0.9300657467,29
2579,0.9323938199,23
2580,0.9347277206,23
2581,0.9323938199,25
2582,0.9231163464,26
2583,0.9300657467,27
2584,0.9277434863,27
2585,0.9370674634,22
2586,0.9254270244,19
2587,0.9394130628,22
2588,0.9488543211,26
2589,0.9583904655,32
2590,0.9488543211,24
2591,0.9583904655,32
2592,0.975309912,25
2593,0.9950124792,20
2594,1,20
2595,1.015113065,28
2596,1.017654022,29
2597,1.012578452,20
2598,1,27
2599,0.9851119396,26
2600,0.9826522357,23
2601,0.9925280548,22
2602,0.9728746826,20
2603,0.975309912,27
2604,0.9704455335,28
2605,0.9559974818,20
2606,0.9704455335,22
2607,0.9851119396,26
2608,0.9826522357,27
2609,0.9950124792,21
2610,0.9631944177,33
2611,0.9801986733,23
2612,0.9925280548,29
2613,0.9875778005,18
2614,0.9826522357,20
2615,0.9777512372,20
2616,0.9777512372,4
2617,0.9851119396,5
2618,0.9875778005,5
2619,0.9826522357,4
2620,0.9826522357,4
2621,0.9925280548,4
2622,0.9925280548,4
2623,0.9950124792,5
2624,1,4
2625,0.9925280548,5
2626,0.9801986733,7
2627,0.9826522357,5
2628,0.9777512372,8
2629,0.975309912,5
2630,0.975309912,4
2631,0.975309912,4
2632,0.975309912,6
2633,0.9704455335,4
2634,0.9826522357,5
2635,0.9875778005,4
2636,0.9925280548,6
2637,0.9900498337,7
2638,0.9950124792,4
2639,0.9950124792,4
2640,0.9950124792,4
2641,0.9900498337,4
2642,1.002503128,7
2643,0.9975031224,4
2644,1.002503128,6
2645,1.002503128,4
2646,1.002503128,4
2647,1.007528195,4
2648,1.002503128,4
2649,0.9975031224,4
2650,1.005012521,7
2651,0.9975031224,5
2652,0.9975031224,8
2653,0.9925280548,6
2654,0.9826522357,4
2655,0.9777512372,4
2656,0.9728746826,4
2657,0.9777512372,4
2658,0.9656054163,5
2659,0.9680224498,7
2660,0.9777512372,6
2661,0.9777512372,4
2662,0.9777512372,4
2663,0.9777512372,4
2664,0.9826522357,4
2665,0.975309912,7
2666,0.9801986733,4
2667,0.9777512372,7
2668,0.9777512372,4
2669,0.9656054163,7
2670,0.9417645336,22
2671,0.9417645336,30
2672,0.9277434863,24
2673,0.9347277206,21
2674,0.9231163464,23
2675,0.9162188717,19
2676,0.8958341353,21
2677,0.8913661439,22
2678,0.8913661439,26
2679,0.8913661439,18
2680,0.911649211,25
2681,0.9025781498,22
2682,0.911649211,20
2683,0.9162188717,22
2684,0.9300657467,22
2685,0.9488543211,20
2686,0.9607894392,25
2687,0.9631944177,23
2688,0.9536104731,28
2689,0.9704455335,25
2690,0.9704455335,22
2691,0.975309912,14
2692,0.9704455335,28
2693,0.9680224498,23
2694,0.975309912,19
2695,0.9536104731,29
2696,0.9777512372,32
2697,0.9900498337,25
2698,0.9728746826,21
2699,0.9777512372,24
2700,1.005012521,29
2701,1.002503128,19
2702,1.017654022,30
2703,1.030454534,25
2704,1.017654022,25
2705,1.017654022,26
2706,1.012578452,26
2707,1.005012521,27
2708,1.015113065,28
2709,1.030454534,24
2710,1.04602786,30
2711,1.040810774,18
2712,1.053902562,29
2713,1.064494459,30
2714,1.06983026,26
2715,1.06983026,26
2716,1.064494459,24
2717,1.067159024,21
2718,1.053902562,25
2719,1.059185271,22
2720,1.072508181,27
2721,1.077884151,18
2722,1.085998673,29
2723,1.085998673,6
2724,1.091442264,4
2725,1.096913142,4
2726,1.091442264,4
2727,1.096913142,4
2728,1.091442264,4
2729,1.096913142,6
2730,1.096913142,4
2731,1.11071061,7
2732,1.11627807,4
2733,1.11627807,4
2734,1.121873438,4
2735,1.133148453,4
2736,1.138828383,4
2737,1.138828383,6
2738,1.141679016,5
2739,1.144536784,7
2740,1.153153081,5
2741,1.161834243,5
2742,1.164742462,5
2743,1.170580758,4
2744,1.164742462,4
2745,1.158933285,4
2746,1.161834243,5
2747,1.167657961,6
2748,1.173510871,6
2749,1.170580758,5
2750,1.176448318,4
2751,1.18234529,4
2752,1.188271821,8
2753,1.188271821,4
2754,1.18234529,4
2755,1.18234529,4
2756,1.188271821,4
2757,1.176448318,4
2758,1.20321844,25
2759,1.194228058,25
2760,1.179393119,21
2761,1.194228058,25
2762,1.170580758,34
2763,1.188271821,26
2764,1.191246217,25
2765,1.179393119,22
2766,1.194228058,21
2767,1.209249598,25
2768,1.206230249,27
2769,1.197217363,21
2770,1.212276504,29
2771,1.176448318,18
2772,1.179393119,25
2773,1.185304851,20
2774,1.197217363,20
2775,1.20321844,28
2776,1.191246217,16
2777,1.197217363,20
2778,1.206230249,15
2779,1.209249598,19
2780,1.221402758,28
2781,1.206230249,35
2782,1.212276504,18
2783,1.209249598,19
2784,1.230597717,19
2785,1.224460085,20
2786,1.212276504,26
2787,1.209249598,25
2788,1.212276504,23
2789,1.224460085,22
2790,1.236766114,22
2791,1.239861897,19
2792,1.24919582,25
2793,1.24919582,28
2794,1.23367806,23
2795,1.224460085,27
2796,1.221402758,29
2797,1.206230249,19
2798,1.212276504,20
2799,1.224460085,24
2800,1.224460085,22
2801,1.209249598,31
2802,1.188271821,19
2803,1.194228058,20
2804,1.188271821,32
2805,1.170580758,34
2806,1.170580758,16
2807,1.153153081,26
2808,1.138828383,21
2809,1.188271821,31
2810,1.197217363,25
2811,1.206230249,27
2812,1.188271821,18
2813,1.224460085,24
2814,1.227525065,27
2815,1.218353065,21
2816,1.197217363,25
2817,1.209249598,20
2818,1.191246217,28
2819,1.170580758,23
2820,1.164742462,20
2821,1.150273799,23
2822,1.164742462,25
2823,1.173510871,23
2824,1.188271821,5
2825,1.18234529,4
2826,1.185304851,5
2827,1.185304851,6
2828,1.185304851,6
2829,1.185304851,6
2830,1.191246217,4
2831,1.200214151,5
2832,1.206230249,4
2833,1.209249598,9
2834,1.215310986,4
2835,1.215310986,4
2836,1.221402758,4
2837,1.221402758,4
2838,1.221402758,8
2839,1.215310986,6
2840,1.215310986,4
2841,1.215310986,6
2842,1.212276504,7
2843,1.218353065,4
2844,1.212276504,6
2845,1.209249598,21
2846,1.227525065,22
2847,1.218353065,23
2848,1.209249598,33
2849,1.200214151,23
2850,1.185304851,21
2851,1.170580758,23
2852,1.147401706,24
2853,1.150273799,29
2854,1.147401706,33
2855,1.121873438,21
2856,1.138828383,24
2857,1.161834243,16
2858,1.173510871,20
2859,1.153153081,17
2860,1.150273799,23
2861,1.13031912,23
2862,1.121873438,27
2863,1.11627807,26
2864,1.113490861,23
2865,1.102411442,18
2866,1.113490861,30
2867,1.105170918,17
2868,1.107937302,25
2869,1.096913142,30
2870,1.119072257,26
2871,1.11071061,19
2872,1.105170918,26
2873,1.094174284,24
2874,1.080582232,31
2875,1.077884151,29
2876,1.075192806,19
2877,1.06983026,20
2878,1.051271096,19
2879,1.04602786,24
2880,1.038211997,31
2881,1.035619709,19
2882,1.067159024,22
2883,1.077884151,28
2884,1.083287068,30
2885,1.094174284,22
2886,1.088717067,18
2887,1.096913142,25
2888,1.099658855,21
2889,1.11627807,20
2890,1.11071061,16
2891,1.119072257,27
2892,1.11627807,19
2893,1.119072257,29
2894,1.133148453,21
2895,1.13031912,23
2896,1.13031912,8
2897,1.133148453,5
2898,1.138828383,6
2899,1.127496852,4
2900,1.127496852,4
2901,1.127496852,4
2902,1.11627807,4
2903,1.121873438,4
2904,1.127496852,4
2905,1.127496852,4
2906,1.135984868,5
2907,1.141679016,4
2908,1.135984868,6
2909,1.173510871,25
2910,1.153153081,29
2911,1.138828383,29
2912,1.135984868,25
2913,1.12468163,28
2914,1.107937302,34
2915,1.105170918,27
2916,1.096913142,27
2917,1.102411442,20
2918,1.105170918,19
2919,1.083287068,34
2920,1.099658855,24
2921,1.11071061,28
2922,1.113490861,25
2923,1.133148453,21
2924,1.113490861,33
2925,1.107937302,26
2926,1.099658855,27
2927,1.105170918,4
2928,1.099658855,4
2929,1.102411442,5
2930,1.105170918,5
2931,1.099658855,6
2932,1.099658855,4
2933,1.094174284,6
2934,1.105170918,4
2935,1.11627807,6
2936,1.11627807,6
2937,1.121873438,4
2938,1.121873438,4
2939,1.105170918,6
2940,1.096913142,5
2941,1.105170918,7
2942,1.11627807,4
2943,1.121873438,4
2944,1.127496852,4
2945,1.121873438,6
2946,1.121873438,4
2947,1.121873438,4
2948,1.127496852,4
2949,1.113490861,7
2950,1.113490861,6
2951,1.113490861,4
2952,1.105170918,5
2953,1.105170918,4
2954,1.105170918,4
2955,1.099658855,4
2956,1.099658855,4
2957,1.102411442,7
2958,1.113490861,4
2959,1.113490861,4
2960,1.102411442,4
2961,1.11627807,23
2962,1.080582232,23
2963,1.077884151,19
2964,1.083287068,26
2965,1.096913142,19
2966,1.075192806,22
2967,1.06983026,18
2968,1.075192806,26
2969,1.080582232,16
2970,1.061836547,23
2971,1.072508181,20
2972,1.06983026,23
2973,1.061836547,29
2974,1.064494459,21
2975,1.077884151,21
2976,1.102411442,29
2977,1.096913142,28
2978,1.080582232,32
2979,1.080582232,32
2980,1.067159024,35
2981,1.080582232,23
2982,1.102411442,26
2983,1.105170918,25
2984,1.096913142,27
2985,1.085998673,26
2986,1.094174284,21
2987,1.075192806,29
2988,1.075192806,22
2989,1.099658855,25
2990,1.11071061,26
2991,1.119072257,27
2992,1.141679016,22
2993,1.158933285,24
2994,1.144536784,17
2995,1.141679016,23
2996,1.150273799,17
2997,1.158933285,23
2998,1.167657961,21
2999,1.179393119,20
3000,1.176448318,21
3001,1.176448318,30
3002,1.176448318,18
3003,1.18234529,18
3004,1.18234529,28
3005,1.185304851,19
3006,1.188271821,21
3007,1.20321844,19
3008,1.236766114,31
3009,1.23367806,27
3010,1.239861897,16
3011,1.221402758,20
3012,1.227525065,26
3013,1.215310986,24
3014,1.197217363,26
3015,1.18234529,27
3016,1.185304851,23
3017,1.170580758,21
3018,1.158933285,22
3019,1.15603957,33
3020,1.138828383,22
3021,1.144536784,32
3022,1.144536784,28
3023,1.121873438,28
3024,1.107937302,33
3025,1.11627807,21
3026,1.153153081,31
3027,1.150273799,27
3028,1.167657961,24
3029,1.15603957,20
3030,1.147401706,33
3031,1.13031912,18
3032,1.12468163,32
3033,1.099658855,15
3034,1.105170918,32
3035,1.088717067,30
3036,1.067159024,24
3037,1.064494459,27
3038,1.083287068,29
3039,1.067159024,26
3040,1.035619709,30
3041,1.010050167,28
3042,1.005012521,26
3043,1.005012521,22
3044,1,8
3045,1.007528195,7
3046,1.007528195,4
3047,1.007528195,4
3048,0.9975031224,4
3049,1.002503128,4
3050,1.007528195,4
3051,1.012578452,4
3052,1.017654022,4
3053,1.005012521,9
3054,1.010050167,4
3055,1.005012521,4
3056,1.015113065,8
3057,1.02020134,4
3058,1.017654022,5
3059,1.022755034,4
3060,1.022755034,4
3061,1.017654022,6
3062,1.007528195,6
3063,1.015113065,21
3064,1.012578452,21
3065,1.005012521,21
3066,0.9851119396,20
3067,0.9704455335,22
3068,0.9851119396,24
3069,0.9851119396,14
3070,0.9875778005,25
3071,0.9851119396,23
3072,1,26
3073,0.9950124792,4
3074,0.9950124792,4
3075,0.9900498337,4
3076,0.9950124792,4
3077,1,4
3078,0.9950124792,4
3079,0.9875778005,5
3080,0.9826522357,6
3081,0.9826522357,6
3082,0.9777512372,4
3083,0.9777512372,4
3084,0.975309912,5
3085,0.975309912,4
3086,0.975309912,6
3087,0.975309912,4
3088,0.9728746826,5
3089,0.9728746826,4
3090,0.9680224498,4
3091,0.9680224498,6
3092,0.9631944177,4
3093,0.9680224498,8
3094,0.9559974818,7
3095,0.9607894392,4
3096,0.9607894392,4
3097,0.9631944177,5
3098,0.9656054163,5
3099,0.9631944177,5
3100,0.9583904655,4
3101,0.9512294245,5
3102,0.9512294245,4
3103,0.9559974818,4
3104,0.9607894392,4
3105,0.9607894392,4
3106,0.9512294245,6
3107,0.9417645336,4
3108,0.9417645336,6
3109,0.9370674634,4
3110,0.9323938199,4
3111,0.9277434863,4
3112,0.9254270244,5
3113,0.9347277206,4
3114,0.9394130628,4
3115,0.9441218904,4
3116,0.9370674634,5
3117,0.9417645336,4
3118,0.9417645336,4
3119,0.9441218904,7
3120,0.9441218904,4
3121,0.9488543211,4
3122,0.9394130628,6
3123,0.9394130628,4
3124,0.9347277206,6
3125,0.9185122844,19
3126,0.9185122844,28
3127,0.904837418,18
3128,0.9254270244,27
3129,0.9208114379,28
3130,0.9370674634,21
3131,0.9323938199,22
3132,0.9323938199,4
3133,0.9277434863,4
3134,0.9208114379,5
3135,0.9254270244,4
3136,0.9162188717,8
3137,0.9208114379,4
3138,0.9254270244,4
3139,0.9300657467,4
3140,0.9323938199,9
3141,0.9370674634,8
3142,0.9417645336,4
3143,0.9417645336,8
3144,0.9536104731,7
3145,0.9536104731,4
3146,0.946485148,5
3147,0.946485148,4
3148,0.9417645336,4
3149,0.9417645336,6
3150,0.9394130628,5
3151,0.9417645336,5
3152,0.946485148,4
3153,0.946485148,4
3154,0.946485148,4
3155,0.9512294245,4
3156,0.9488543211,5
3157,0.946485148,7
3158,0.9417645336,4
3159,0.9441218904,5
3160,0.9417645336,5
3161,0.9488543211,5
3162,0.9512294245,7
3163,0.9559974818,4
3164,0.9559974818,4
3165,0.9512294245,4
3166,0.9583904655,7
3167,0.9607894392,5
3168,0.9607894392,4
3169,0.9656054163,6
3170,0.9704455335,4
3171,0.9656054163,8
3172,0.9656054163,4
3173,0.975309912,4
3174,0.9704455335,6
3175,0.9704455335,4
3176,0.9656054163,4
3177,0.9656054163,4
3178,0.9607894392,4
3179,0.9656054163,4
3180,0.9704455335,4
3181,0.9704455335,6
3182,0.9631944177,5
3183,0.9656054163,5
3184,0.9704455335,4
3185,0.9656054163,4
3186,0.9417645336,20
3187,0.9441218904,25
3188,0.9488543211,18
3189,0.9583904655,22
3190,0.9559974818,19
3191,0.9370674634,18
3192,0.9512294245,30
3193,0.9512294245,18
3194,0.9536104731,21
3195,0.9536104731,28
3196,0.9441218904,30
3197,0.9370674634,25
3198,0.9417645336,22
3199,0.9323938199,14
3200,0.9631944177,27
3201,0.9631944177,24
3202,0.9441218904,28
3203,0.946485148,27
3204,0.9559974818,20
3205,0.9370674634,24
3206,0.9417645336,22
3207,0.9208114379,27
3208,0.9488543211,20
3209,0.9441218904,30
3210,0.9347277206,24
3211,0.9277434863,29
3212,0.9394130628,27
3213,0.9488543211,34
3214,0.9417645336,27
3215,0.9559974818,20
3216,0.9728746826,27
3217,1,23
3218,0.9925280548,27
3219,1.002503128,18
3220,0.9950124792,15
3221,0.9950124792,22
3222,1.010050167,18
3223,1.017654022,21
3224,1.005012521,23
3225,1.012578452,23
3226,1,31
3227,0.9975031224,23
3228,1.002503128,26
3229,0.9826522357,20
3230,0.9925280548,22
3231,1,31
3232,1.007528195,23
3233,1.010050167,13
3234,1.012578452,25
3235,1.010050167,35
3236,1.02020134,22
3237,1.010050167,22
3238,0.9975031224,31
3239,1,23
3240,1.005012521,18
3241,1.005012521,28
3242,1.025315121,24
3243,1.027881615,29
3244,1.025315121,29
3245,1.025315121,22
3246,1.022755034,25
3247,1.02020134,25
3248,1.017654022,25
3249,1.015113065,29
3250,1.030454534,26
3251,1.030454534,34
3252,1.010050167,32
3253,1.012578452,21
3254,1.012578452,36
3255,1.002503128,22
3256,0.9801986733,25
3257,1.005012521,28
3258,1.017654022,25
3259,1.030454534,31
3260,1.025315121,16
3261,1.02020134,22
3262,1.017654022,5
3263,1.005012521,19
3264,0.9875778005,29
3265,1.007528195,20
3266,1,21
3267,0.9826522357,31
3268,1.002503128,28
3269,1.002503128,22
3270,1,25
3271,1.002503128,25
3272,1.005012521,27
3273,1,24
3274,0.9950124792,28
3275,0.9826522357,29
3276,0.9975031224,26
3277,0.9900498337,17
3278,0.9975031224,23
3279,1.002503128,20
3280,1.002503128,24
3281,0.9900498337,19
3282,1,24
3283,1.015113065,22
3284,1.02020134,6
3285,1.015113065,4
3286,1.02020134,4
3287,1.015113065,8
3288,1.025315121,6
3289,1.035619709,6
3290,1.038211997,5
3291,1.038211997,4
3292,1.033033893,4
3293,1.043416056,6
3294,1.038211997,4
3295,1.033033893,4
3296,1.059185271,28
3297,1.059185271,28
3298,1.056540615,15
3299,1.04602786,26
3300,1.051271096,22
3301,1.056540615,16
3302,1.06983026,25
3303,1.061836547,25
3304,1.064494459,15
3305,1.056540615,7
3306,1.056540615,36
3307,1.056540615,28
3308,1.04602786,18
3309,1.040810774,22
3310,1.053902562,29
3311,1.059185271,6
3312,1.059185271,4
3313,1.053902562,4
3314,1.056540615,7
3315,1.051271096,6
3316,1.04602786,4
3317,1.04602786,4
3318,1.051271096,4
3319,1.051271096,4
3320,1.038211997,5
3321,1.051271096,5
3322,1.051271096,4
3323,1.051271096,4
3324,1.04602786,4
3325,1.048646201,9
3326,1.053902562,4
3327,1.051271096,5
3328,1.043416056,5
3329,1.053902562,4
3330,1.056540615,13
3331,1.061836547,4
3332,1.061836547,4
3333,1.061836547,4
3334,1.067159024,6
3335,1.072508181,4
3336,1.06983026,5
3337,1.072508181,5
3338,1.072508181,4
3339,1.067159024,4
3340,1.067159024,4
3341,1.067159024,4
3342,1.059185271,5
3343,1.056540615,5
3344,1.059185271,5
3345,1.059185271,4
3346,1.064494459,4
3347,1.06983026,4
3348,1.064494459,4
3349,1.059185271,4
3350,1.059185271,4
3351,1.059185271,4
3352,1.051271096,5
3353,1.048646201,7
3354,1.059185271,4
3355,1.061836547,7
3356,1.053902562,23
3357,1.059185271,28
3358,1.051271096,21
3359,1.059185271,27
3360,1.053902562,28
3361,1.051271096,27
3362,1.04602786,24
3363,1.056540615,20
3364,1.091442264,23
3365,1.083287068,25
3366,1.091442264,19
3367,1.085998673,28
3368,1.083287068,25
3369,1.064494459,29
3370,1.080582232,24
3371,1.067159024,31
3372,1.075192806,21
3373,1.075192806,24
3374,1.088717067,25
3375,1.105170918,24
3376,1.094174284,20
3377,1.080582232,27
3378,1.048646201,26
3379,1.067159024,29
3380,1.064494459,15
3381,1.077884151,27
3382,1.091442264,23
3383,1.080582232,34
3384,1.053902562,26
3385,1.02020134,25
3386,1,26
3387,0.9900498337,18
3388,0.9826522357,27
3389,0.9801986733,27
3390,0.9975031224,25
3391,0.9851119396,21
3392,0.9656054163,28
3393,0.9704455335,26
3394,0.9583904655,25
3395,0.9728746826,18
3396,0.9656054163,21
3397,0.975309912,26
3398,0.9583904655,25
3399,0.9631944177,4
3400,0.9680224498,6
3401,0.9728746826,4
3402,0.9826522357,4
3403,0.9900498337,9
3404,0.9900498337,4
3405,0.9925280548,5
3406,0.9875778005,4
3407,0.9925280548,4
3408,0.9875778005,4
3409,0.9875778005,4
3410,0.9875778005,4
3411,0.9975031224,4
3412,1.002503128,4
3413,1.002503128,6
3414,1.002503128,4
3415,1.002503128,4
3416,1.002503128,4
3417,0.9975031224,8
3418,0.9950124792,5
3419,0.9900498337,8
3420,0.9950124792,4
3421,0.9851119396,6
3422,0.9875778005,25
3423,0.9950124792,21
3424,0.9777512372,31
3425,0.9488543211,28
3426,0.9347277206,28
3427,0.946485148,29
3428,0.9488543211,21
3429,0.9370674634,29
3430,0.9347277206,27
3431,0.9441218904,18
3432,0.9394130628,22
3433,0.9559974818,19
3434,0.9559974818,16
3435,0.9680224498,25
3436,0.975309912,29
3437,0.9704455335,24
3438,0.9536104731,35
3439,0.9277434863,29
3440,0.9347277206,27
3441,0.911649211,20
3442,0.9139311853,25
3443,0.9025781498,19
3444,0.8958341353,5
3445,0.9003245226,4
3446,0.9003245226,4
3447,0.8891405117,5
3448,0.8891405117,6
3449,0.8935973471,4
3450,0.8891405117,4
3451,0.8891405117,4
3452,0.8891405117,4
3453,0.8935973471,6
3454,0.8980765225,4
3455,0.8869204367,5
3456,0.8935973471,5
3457,0.8913661439,5
3458,0.9003245226,4
3459,0.9071023416,5
3460,0.8958341353,5
3461,0.8869204367,4
3462,0.8869204367,4
3463,0.8802934158,5
3464,0.87153435,4
3465,0.8607079764,31
3466,0.8607079764,22
3467,0.8542768136,19
3468,0.8628624383,24
3469,0.8780954309,23
3470,0.8759029341,31
3471,0.8780954309,21
3472,0.8824969026,16
3473,0.8847059049,27
3474,0.8693582354,29
3475,0.8671875543,21
3476,0.8737159117,23
3477,0.8737159117,22
3478,0.8935973471,41
3479,0.8802934158,20
3480,0.8913661439,25
3481,0.8802934158,25
3482,0.8780954309,21
3483,0.8869204367,18
3484,0.911649211,19
3485,0.9093729345,21
3486,0.9093729345,16
3487,0.8958341353,28
3488,0.8935973471,25
3489,0.8869204367,23
3490,0.904837418,28
3491,0.911649211,19
3492,0.911649211,26
3493,0.904837418,19
3494,0.9071023416,17
3495,0.904837418,21
3496,0.9025781498,27
3497,0.9254270244,22
3498,0.9254270244,32
3499,0.9208114379,26
